[{"model": "app.courseassignment", "pk": 1, "fields": {"assignmentdate": "2021-01-03", "duedate": "2021-01-10", "description": "first assignment for Q1 2021 Computer Science", "pointspossible": 100, "course_schedule": 1}}, {"model": "app.courseschedule", "pk": 1, "fields": {"course": 1, "teacher": 2, "term": 1}}, {"model": "app.courseschedule", "pk": 2, "fields": {"course": 2, "teacher": 6, "term": 2}}, {"model": "app.courseschedule", "pk": 3, "fields": {"course": 4, "teacher": 6, "term": 3}}, {"model": "app.courseschedule", "pk": 4, "fields": {"course": 6, "teacher": 2, "term": 4}}, {"model": "app.courseschedule", "pk": 5, "fields": {"course": 3, "teacher": 2, "term": 5}}, {"model": "app.courseschedule", "pk": 8, "fields": {"course": 3, "teacher": 6, "term": 2}}, {"model": "app.courseschedule", "pk": 9, "fields": {"course": 7, "teacher": 6, "term": 1}}, {"model": "app.courseschedule", "pk": 10, "fields": {"course": 5, "teacher": 6, "term": 5}}, {"model": "app.courseschedule", "pk": 11, "fields": {"course": 3, "teacher": 6, "term": 4}}, {"model": "app.courseschedule", "pk": 12, "fields": {"course": 7, "teacher": 2, "term": 2}}, {"model": "app.coursestudent", "pk": 1, "fields": {"grade": "100", "course": 1, "student": 2}}, {"model": "app.coursestudent", "pk": 2, "fields": {"grade": "95", "course": 1, "student": 6}}, {"model": "app.coursestudent", "pk": 3, "fields": {"grade": "98", "course": 2, "student": 2}}, {"model": "app.coursestudent", "pk": 4, "fields": {"grade": "90", "course": 2, "student": 6}}, {"model": "app.coursestudent", "pk": 5, "fields": {"grade": null, "course": 3, "student": 6}}, {"model": "app.coursestudent", "pk": 6, "fields": {"grade": null, "course": 4, "student": 6}}, {"model": "app.coursestudent", "pk": 7, "fields": {"grade": null, "course": 4, "student": 2}}, {"model": "app.coursestudent", "pk": 9, "fields": {"grade": "90", "course": 8, "student": 2}}, {"model": "app.lookupcourse", "pk": 1, "fields": {"coursename": "Computer Science", "coursecode": "CSC100", "department": 1}}, {"model": "app.lookupcourse", "pk": 2, "fields": {"coursename": "English Literature", "coursecode": "ENG100", "department": 3}}, {"model": "app.lookupcourse", "pk": 3, "fields": {"coursename": "Algebra I", "coursecode": "Mat100", "department": 5}}, {"model": "app.lookupcourse", "pk": 4, "fields": {"coursename": "Medieval History", "coursecode": "Hist200", "department": 2}}, {"model": "app.lookupcourse", "pk": 5, "fields": {"coursename": "Civil Litigation", "coursecode": "Lit200", "department": 6}}, {"model": "app.lookupcourse", "pk": 6, "fields": {"coursename": "Equestrian Studies", "coursecode": "Horse", "department": 7}}, {"model": "app.lookupcourse", "pk": 7, "fields": {"coursename": "Data Mining", "coursecode": "CS273", "department": 1}}, {"model": "app.lookupdepartment", "pk": 1, "fields": {"departmentname": "Computer Science"}}, {"model": "app.lookupdepartment", "pk": 2, "fields": {"departmentname": "History"}}, {"model": "app.lookupdepartment", "pk": 3, "fields": {"departmentname": "English"}}, {"model": "app.lookupdepartment", "pk": 4, "fields": {"departmentname": "Communications"}}, {"model": "app.lookupdepartment", "pk": 5, "fields": {"departmentname": "Math"}}, {"model": "app.lookupdepartment", "pk": 6, "fields": {"departmentname": "Legal"}}, {"model": "app.lookupdepartment", "pk": 7, "fields": {"departmentname": "Phys Ed"}}, {"model": "app.lookupterm", "pk": 1, "fields": {"term": "Qr 1 2021", "termstart": "2021-01-01", "termend": "2021-03-31"}}, {"model": "app.lookupterm", "pk": 2, "fields": {"term": "Quarter 2 2021", "termstart": "2021-04-01", "termend": "2021-06-30"}}, {"model": "app.lookupterm", "pk": 3, "fields": {"term": "Quarter 3 2021", "termstart": "2021-07-01", "termend": "2021-09-30"}}, {"model": "app.lookupterm", "pk": 4, "fields": {"term": "Quarter 4 2021", "termstart": "2021-10-01", "termend": "2021-12-31"}}, {"model": "app.lookupterm", "pk": 5, "fields": {"term": "Quarter 3 2020", "termstart": "2020-10-01", "termend": "2020-12-31"}}, {"model": "app.lookupterm", "pk": 6, "fields": {"term": "Quarter 1 2020", "termstart": "2020-01-01", "termend": "2020-03-31"}}, {"model": "admin.logentry", "pk": 1, "fields": {"action_time": "2021-03-14T23:54:52.198Z", "user": 2, "content_type": 12, "object_id": "1", "object_repr": "BryanHenry", "action_flag": 3, "change_message": ""}}, {"model": "admin.logentry", "pk": 2, "fields": {"action_time": "2021-03-21T01:37:28.164Z", "user": 2, "content_type": 12, "object_id": "3", "object_repr": "TestUser", "action_flag": 3, "change_message": ""}}, {"model": "admin.logentry", "pk": 3, "fields": {"action_time": "2021-03-23T01:18:13.446Z", "user": 2, "content_type": 12, "object_id": "4", "object_repr": "TestUser", "action_flag": 3, "change_message": ""}}, {"model": "admin.logentry", "pk": 4, "fields": {"action_time": "2021-03-24T00:50:40.447Z", "user": 2, "content_type": 12, "object_id": "5", "object_repr": "TestUser", "action_flag": 3, "change_message": ""}}, {"model": "admin.logentry", "pk": 5, "fields": {"action_time": "2021-04-09T21:16:05.054Z", "user": 6, "content_type": 16, "object_id": "1", "object_repr": "LookupDepartment object (1)", "action_flag": 1, "change_message": "[{\"added\": {}}]"}}, {"model": "admin.logentry", "pk": 6, "fields": {"action_time": "2021-04-09T21:16:10.874Z", "user": 6, "content_type": 20, "object_id": "1", "object_repr": "LookupCourse object (1)", "action_flag": 1, "change_message": "[{\"added\": {}}]"}}, {"model": "admin.logentry", "pk": 7, "fields": {"action_time": "2021-04-09T23:04:50.161Z", "user": 6, "content_type": 24, "object_id": "1", "object_repr": "DummyData object (1)", "action_flag": 1, "change_message": "[{\"added\": {}}]"}}, {"model": "admin.logentry", "pk": 8, "fields": {"action_time": "2021-04-09T23:05:03.051Z", "user": 6, "content_type": 24, "object_id": "2", "object_repr": "DummyData object (2)", "action_flag": 1, "change_message": "[{\"added\": {}}]"}}, {"model": "admin.logentry", "pk": 9, "fields": {"action_time": "2021-04-09T23:05:34.703Z", "user": 6, "content_type": 24, "object_id": "2", "object_repr": "DummyData object (2)", "action_flag": 2, "change_message": "[]"}}, {"model": "admin.logentry", "pk": 10, "fields": {"action_time": "2021-04-09T23:22:12.675Z", "user": 6, "content_type": 24, "object_id": "1", "object_repr": "DummyData object (1)", "action_flag": 2, "change_message": "[{\"changed\": {\"fields\": [\"Student\"]}}]"}}, {"model": "admin.logentry", "pk": 11, "fields": {"action_time": "2021-04-09T23:22:36.358Z", "user": 6, "content_type": 24, "object_id": "3", "object_repr": "DummyData object (3)", "action_flag": 1, "change_message": "[{\"added\": {}}]"}}, {"model": "admin.logentry", "pk": 12, "fields": {"action_time": "2021-04-09T23:23:17.465Z", "user": 6, "content_type": 24, "object_id": "4", "object_repr": "DummyData object (4)", "action_flag": 1, "change_message": "[{\"added\": {}}]"}}, {"model": "admin.logentry", "pk": 13, "fields": {"action_time": "2021-04-10T01:42:39.436Z", "user": 6, "content_type": 24, "object_id": "2", "object_repr": "DummyData object (2)", "action_flag": 2, "change_message": "[{\"changed\": {\"fields\": [\"Student\"]}}]"}}, {"model": "admin.logentry", "pk": 14, "fields": {"action_time": "2021-04-10T03:12:43.754Z", "user": 6, "content_type": 17, "object_id": "1", "object_repr": "Quarter 1 2021", "action_flag": 1, "change_message": "[{\"added\": {}}]"}}, {"model": "admin.logentry", "pk": 15, "fields": {"action_time": "2021-04-10T03:12:59.159Z", "user": 6, "content_type": 17, "object_id": "2", "object_repr": "Quarter 2 2021", "action_flag": 1, "change_message": "[{\"added\": {}}]"}}, {"model": "admin.logentry", "pk": 16, "fields": {"action_time": "2021-04-10T03:13:17.365Z", "user": 6, "content_type": 17, "object_id": "3", "object_repr": "Quarter 3 2021", "action_flag": 1, "change_message": "[{\"added\": {}}]"}}, {"model": "admin.logentry", "pk": 17, "fields": {"action_time": "2021-04-10T03:13:31.877Z", "user": 6, "content_type": 17, "object_id": "4", "object_repr": "Quarter 4 2021", "action_flag": 1, "change_message": "[{\"added\": {}}]"}}, {"model": "admin.logentry", "pk": 18, "fields": {"action_time": "2021-04-10T03:13:52.134Z", "user": 6, "content_type": 17, "object_id": "5", "object_repr": "Quarter 3 2020", "action_flag": 1, "change_message": "[{\"added\": {}}]"}}, {"model": "admin.logentry", "pk": 19, "fields": {"action_time": "2021-04-10T03:14:34.468Z", "user": 6, "content_type": 16, "object_id": "2", "object_repr": "History", "action_flag": 1, "change_message": "[{\"added\": {}}]"}}, {"model": "admin.logentry", "pk": 20, "fields": {"action_time": "2021-04-10T03:14:38.478Z", "user": 6, "content_type": 16, "object_id": "3", "object_repr": "English", "action_flag": 1, "change_message": "[{\"added\": {}}]"}}, {"model": "admin.logentry", "pk": 21, "fields": {"action_time": "2021-04-10T03:14:43.007Z", "user": 6, "content_type": 16, "object_id": "4", "object_repr": "Communications", "action_flag": 1, "change_message": "[{\"added\": {}}]"}}, {"model": "admin.logentry", "pk": 22, "fields": {"action_time": "2021-04-10T03:14:47.092Z", "user": 6, "content_type": 16, "object_id": "5", "object_repr": "Math", "action_flag": 1, "change_message": "[{\"added\": {}}]"}}, {"model": "admin.logentry", "pk": 23, "fields": {"action_time": "2021-04-10T03:16:02.148Z", "user": 6, "content_type": 20, "object_id": "1", "object_repr": "Computer Science", "action_flag": 2, "change_message": "[{\"changed\": {\"fields\": [\"Coursecode\"]}}]"}}, {"model": "admin.logentry", "pk": 24, "fields": {"action_time": "2021-04-10T03:16:17.911Z", "user": 6, "content_type": 20, "object_id": "2", "object_repr": "English Literature", "action_flag": 1, "change_message": "[{\"added\": {}}]"}}, {"model": "admin.logentry", "pk": 25, "fields": {"action_time": "2021-04-10T03:16:32.592Z", "user": 6, "content_type": 20, "object_id": "3", "object_repr": "Algebra I", "action_flag": 1, "change_message": "[{\"added\": {}}]"}}, {"model": "admin.logentry", "pk": 26, "fields": {"action_time": "2021-04-10T03:17:07.703Z", "user": 6, "content_type": 20, "object_id": "4", "object_repr": "Medieval History", "action_flag": 1, "change_message": "[{\"added\": {}}]"}}, {"model": "admin.logentry", "pk": 27, "fields": {"action_time": "2021-04-10T03:27:20.373Z", "user": 6, "content_type": 22, "object_id": "1", "object_repr": "Quarter 1 2021", "action_flag": 1, "change_message": "[{\"added\": {}}]"}}, {"model": "admin.logentry", "pk": 28, "fields": {"action_time": "2021-04-10T03:27:27.837Z", "user": 6, "content_type": 22, "object_id": "2", "object_repr": "Quarter 2 2021", "action_flag": 1, "change_message": "[{\"added\": {}}]"}}, {"model": "admin.logentry", "pk": 29, "fields": {"action_time": "2021-04-10T03:37:57.201Z", "user": 6, "content_type": 15, "object_id": "1", "object_repr": "Quarter 1 2021 Computer Science first assignment for Q1 2021 Computer Science", "action_flag": 1, "change_message": "[{\"added\": {}}]"}}, {"model": "admin.logentry", "pk": 30, "fields": {"action_time": "2021-04-10T03:46:16.675Z", "user": 6, "content_type": 21, "object_id": "1", "object_repr": "Quarter 1 2021 - Computer Science - MHeinz", "action_flag": 1, "change_message": "[{\"added\": {}}]"}}, {"model": "admin.logentry", "pk": 31, "fields": {"action_time": "2021-04-10T04:01:34.601Z", "user": 6, "content_type": 21, "object_id": "2", "object_repr": "Quarter 1 2021 - Computer Science - sally", "action_flag": 1, "change_message": "[{\"added\": {}}]"}}, {"model": "admin.logentry", "pk": 32, "fields": {"action_time": "2021-04-10T04:01:44.195Z", "user": 6, "content_type": 21, "object_id": "3", "object_repr": "Quarter 2 2021 - English Literature - MHeinz", "action_flag": 1, "change_message": "[{\"added\": {}}]"}}, {"model": "admin.logentry", "pk": 33, "fields": {"action_time": "2021-04-10T04:33:55.636Z", "user": 6, "content_type": 17, "object_id": "2", "object_repr": "Quarter 2 2021", "action_flag": 2, "change_message": "[{\"changed\": {\"fields\": [\"Term status\"]}}]"}}, {"model": "admin.logentry", "pk": 34, "fields": {"action_time": "2021-04-10T04:34:00.658Z", "user": 6, "content_type": 17, "object_id": "5", "object_repr": "Quarter 3 2020", "action_flag": 2, "change_message": "[{\"changed\": {\"fields\": [\"Term status\"]}}]"}}, {"model": "admin.logentry", "pk": 35, "fields": {"action_time": "2021-04-10T04:34:00.693Z", "user": 6, "content_type": 17, "object_id": "5", "object_repr": "Quarter 3 2020", "action_flag": 2, "change_message": "[]"}}, {"model": "admin.logentry", "pk": 36, "fields": {"action_time": "2021-04-10T04:34:07.208Z", "user": 6, "content_type": 17, "object_id": "4", "object_repr": "Quarter 4 2021", "action_flag": 2, "change_message": "[]"}}, {"model": "admin.logentry", "pk": 37, "fields": {"action_time": "2021-04-10T04:34:15.405Z", "user": 6, "content_type": 17, "object_id": "3", "object_repr": "Quarter 3 2021", "action_flag": 2, "change_message": "[]"}}, {"model": "admin.logentry", "pk": 38, "fields": {"action_time": "2021-04-10T04:34:21.066Z", "user": 6, "content_type": 17, "object_id": "1", "object_repr": "Quarter 1 2021", "action_flag": 2, "change_message": "[{\"changed\": {\"fields\": [\"Term status\"]}}]"}}, {"model": "admin.logentry", "pk": 39, "fields": {"action_time": "2021-04-10T04:48:37.399Z", "user": 6, "content_type": 21, "object_id": "4", "object_repr": "Quarter 2 2021 - English Literature - sally", "action_flag": 1, "change_message": "[{\"added\": {}}]"}}, {"model": "admin.logentry", "pk": 40, "fields": {"action_time": "2021-04-10T17:17:41.426Z", "user": 6, "content_type": 21, "object_id": "2", "object_repr": "Quarter 1 2021 - Computer Science - sally", "action_flag": 2, "change_message": "[{\"changed\": {\"fields\": [\"Grade\"]}}]"}}, {"model": "admin.logentry", "pk": 41, "fields": {"action_time": "2021-04-10T17:17:52.498Z", "user": 6, "content_type": 17, "object_id": "1", "object_repr": "Quarter 1 2021", "action_flag": 2, "change_message": "[]"}}, {"model": "admin.logentry", "pk": 42, "fields": {"action_time": "2021-04-10T17:36:24.305Z", "user": 6, "content_type": 22, "object_id": "3", "object_repr": "Quarter 3 2021 Medieval History", "action_flag": 1, "change_message": "[{\"added\": {}}]"}}, {"model": "admin.logentry", "pk": 43, "fields": {"action_time": "2021-04-10T17:36:32.813Z", "user": 6, "content_type": 21, "object_id": "5", "object_repr": "Quarter 3 2021 - Medieval History - sally", "action_flag": 1, "change_message": "[{\"added\": {}}]"}}, {"model": "admin.logentry", "pk": 44, "fields": {"action_time": "2021-04-10T17:36:38.441Z", "user": 6, "content_type": 21, "object_id": "5", "object_repr": "Quarter 3 2021 - Medieval History - sally", "action_flag": 2, "change_message": "[]"}}, {"model": "admin.logentry", "pk": 45, "fields": {"action_time": "2021-04-10T17:36:41.527Z", "user": 6, "content_type": 21, "object_id": "5", "object_repr": "Quarter 3 2021 - Medieval History - sally", "action_flag": 2, "change_message": "[]"}}, {"model": "admin.logentry", "pk": 46, "fields": {"action_time": "2021-04-10T17:37:17.970Z", "user": 6, "content_type": 16, "object_id": "6", "object_repr": "Legal", "action_flag": 1, "change_message": "[{\"added\": {}}]"}}, {"model": "admin.logentry", "pk": 47, "fields": {"action_time": "2021-04-10T17:37:20.906Z", "user": 6, "content_type": 20, "object_id": "5", "object_repr": "Civil Litigation", "action_flag": 1, "change_message": "[{\"added\": {}}]"}}, {"model": "admin.logentry", "pk": 48, "fields": {"action_time": "2021-04-10T17:37:47.829Z", "user": 6, "content_type": 22, "object_id": "4", "object_repr": "Quarter 4 2021 Civil Litigation", "action_flag": 1, "change_message": "[{\"added\": {}}]"}}, {"model": "admin.logentry", "pk": 49, "fields": {"action_time": "2021-04-10T17:37:53.700Z", "user": 6, "content_type": 21, "object_id": "6", "object_repr": "Quarter 4 2021 - Civil Litigation - sally", "action_flag": 1, "change_message": "[{\"added\": {}}]"}}, {"model": "admin.logentry", "pk": 50, "fields": {"action_time": "2021-04-10T18:30:40.999Z", "user": 6, "content_type": 23, "object_id": "1", "object_repr": "DummyClass object (1)", "action_flag": 1, "change_message": "[{\"added\": {}}]"}}, {"model": "admin.logentry", "pk": 51, "fields": {"action_time": "2021-04-11T01:14:32.078Z", "user": 6, "content_type": 16, "object_id": "7", "object_repr": "Phys Ed", "action_flag": 1, "change_message": "[{\"added\": {}}]"}}, {"model": "admin.logentry", "pk": 52, "fields": {"action_time": "2021-04-11T01:14:34.161Z", "user": 6, "content_type": 20, "object_id": "6", "object_repr": "Equestrian Studies", "action_flag": 1, "change_message": "[{\"added\": {}}]"}}, {"model": "admin.logentry", "pk": 53, "fields": {"action_time": "2021-04-11T01:15:04.698Z", "user": 6, "content_type": 22, "object_id": "4", "object_repr": "Quarter 4 2021 Equestrian Studies", "action_flag": 2, "change_message": "[{\"changed\": {\"fields\": [\"Course\"]}}]"}}, {"model": "admin.logentry", "pk": 54, "fields": {"action_time": "2021-04-11T01:15:11.032Z", "user": 6, "content_type": 21, "object_id": "7", "object_repr": "Quarter 4 2021 - Equestrian Studies - MHeinz", "action_flag": 1, "change_message": "[{\"added\": {}}]"}}, {"model": "admin.logentry", "pk": 55, "fields": {"action_time": "2021-04-16T21:50:31.407Z", "user": 6, "content_type": 25, "object_id": "1", "object_repr": "sally", "action_flag": 1, "change_message": "[{\"added\": {}}]"}}, {"model": "admin.logentry", "pk": 56, "fields": {"action_time": "2021-04-16T21:50:35.492Z", "user": 6, "content_type": 25, "object_id": "2", "object_repr": "MHeinz", "action_flag": 1, "change_message": "[{\"added\": {}}]"}}, {"model": "admin.logentry", "pk": 57, "fields": {"action_time": "2021-04-16T21:58:57.849Z", "user": 6, "content_type": 11, "object_id": "1", "object_repr": "TP_Admins", "action_flag": 1, "change_message": "[{\"added\": {}}]"}}, {"model": "admin.logentry", "pk": 58, "fields": {"action_time": "2021-04-16T22:00:45.090Z", "user": 6, "content_type": 11, "object_id": "2", "object_repr": "Teachers", "action_flag": 1, "change_message": "[{\"added\": {}}]"}}, {"model": "admin.logentry", "pk": 59, "fields": {"action_time": "2021-04-23T05:41:52.340Z", "user": 2, "content_type": 22, "object_id": "5", "object_repr": "Quarter 3 2020 Medieval History", "action_flag": 1, "change_message": "[{\"added\": {}}]"}}, {"model": "admin.logentry", "pk": 60, "fields": {"action_time": "2021-04-23T05:42:14.837Z", "user": 2, "content_type": 22, "object_id": "5", "object_repr": "Quarter 3 2020 Algebra I", "action_flag": 2, "change_message": "[{\"changed\": {\"fields\": [\"Course\"]}}]"}}, {"model": "admin.logentry", "pk": 61, "fields": {"action_time": "2021-04-23T05:43:41.969Z", "user": 2, "content_type": 22, "object_id": "6", "object_repr": "Quarter 2 2021 Civil Litigation", "action_flag": 1, "change_message": "[{\"added\": {}}]"}}, {"model": "admin.logentry", "pk": 62, "fields": {"action_time": "2021-04-23T05:44:36.186Z", "user": 2, "content_type": 22, "object_id": "7", "object_repr": "Quarter 2 2021 Equestrian Studies", "action_flag": 1, "change_message": "[{\"added\": {}}]"}}, {"model": "admin.logentry", "pk": 63, "fields": {"action_time": "2021-04-23T05:45:24.984Z", "user": 2, "content_type": 22, "object_id": "7", "object_repr": "Quarter 2 2021 Equestrian Studies", "action_flag": 3, "change_message": ""}}, {"model": "admin.logentry", "pk": 64, "fields": {"action_time": "2021-04-23T05:45:30.938Z", "user": 2, "content_type": 22, "object_id": "6", "object_repr": "Quarter 2 2021 Civil Litigation", "action_flag": 3, "change_message": ""}}, {"model": "admin.logentry", "pk": 65, "fields": {"action_time": "2021-04-23T05:49:23.751Z", "user": 2, "content_type": 21, "object_id": "8", "object_repr": "Quarter 2 2021 - English Literature - MHeinz", "action_flag": 1, "change_message": "[{\"added\": {}}]"}}, {"model": "admin.logentry", "pk": 66, "fields": {"action_time": "2021-04-23T05:49:46.670Z", "user": 2, "content_type": 21, "object_id": "8", "object_repr": "Quarter 2 2021 - English Literature - MHeinz", "action_flag": 3, "change_message": ""}}, {"model": "admin.logentry", "pk": 67, "fields": {"action_time": "2021-04-23T05:49:57.755Z", "user": 2, "content_type": 22, "object_id": "8", "object_repr": "Quarter 2 2021 Algebra I", "action_flag": 1, "change_message": "[{\"added\": {}}]"}}, {"model": "admin.logentry", "pk": 68, "fields": {"action_time": "2021-04-23T05:50:10.387Z", "user": 2, "content_type": 21, "object_id": "9", "object_repr": "Quarter 2 2021 - Algebra I - MHeinz", "action_flag": 1, "change_message": "[{\"added\": {}}]"}}, {"model": "admin.logentry", "pk": 69, "fields": {"action_time": "2021-04-23T05:54:45.284Z", "user": 2, "content_type": 21, "object_id": "9", "object_repr": "Quarter 2 2021 - Algebra I - MHeinz", "action_flag": 2, "change_message": "[{\"changed\": {\"fields\": [\"Grade\"]}}]"}}, {"model": "admin.logentry", "pk": 70, "fields": {"action_time": "2021-04-23T05:55:13.922Z", "user": 2, "content_type": 21, "object_id": "1", "object_repr": "Quarter 1 2021 - Computer Science - MHeinz", "action_flag": 2, "change_message": "[{\"changed\": {\"fields\": [\"Grade\"]}}]"}}, {"model": "admin.logentry", "pk": 71, "fields": {"action_time": "2021-04-24T14:53:27.880Z", "user": 6, "content_type": 20, "object_id": "7", "object_repr": "Data Mining", "action_flag": 1, "change_message": "[{\"added\": {}}]"}}, {"model": "admin.logentry", "pk": 72, "fields": {"action_time": "2021-04-24T14:53:34.028Z", "user": 6, "content_type": 22, "object_id": "9", "object_repr": "Quarter 1 2021 Data Mining", "action_flag": 1, "change_message": "[{\"added\": {}}]"}}, {"model": "admin.logentry", "pk": 73, "fields": {"action_time": "2021-04-24T14:53:59.141Z", "user": 6, "content_type": 17, "object_id": "5", "object_repr": "Quarter 3 2020", "action_flag": 2, "change_message": "[]"}}, {"model": "admin.logentry", "pk": 74, "fields": {"action_time": "2021-04-24T14:54:00.779Z", "user": 6, "content_type": 22, "object_id": "10", "object_repr": "Quarter 3 2020 Civil Litigation", "action_flag": 1, "change_message": "[{\"added\": {}}]"}}, {"model": "admin.logentry", "pk": 75, "fields": {"action_time": "2021-04-24T17:26:02.333Z", "user": 6, "content_type": 22, "object_id": "3", "object_repr": "Quarter 3 2021 Medieval History", "action_flag": 2, "change_message": "[{\"changed\": {\"fields\": [\"Teacher\"]}}]"}}, {"model": "admin.logentry", "pk": 76, "fields": {"action_time": "2021-04-24T17:26:16.059Z", "user": 6, "content_type": 22, "object_id": "11", "object_repr": "Quarter 4 2021 Algebra I", "action_flag": 1, "change_message": "[{\"added\": {}}]"}}, {"model": "admin.logentry", "pk": 77, "fields": {"action_time": "2021-04-24T23:34:37.017Z", "user": 6, "content_type": 12, "object_id": "6", "object_repr": "sally", "action_flag": 2, "change_message": "[{\"changed\": {\"fields\": [\"Groups\"]}}]"}}, {"model": "admin.logentry", "pk": 78, "fields": {"action_time": "2021-04-25T19:34:16.675Z", "user": 2, "content_type": 22, "object_id": "12", "object_repr": "Quarter 2 2021 Data Mining", "action_flag": 1, "change_message": "[{\"added\": {}}]"}}, {"model": "auth.permission", "pk": 1, "fields": {"name": "Can add assignments", "content_type": 1, "codename": "add_assignments"}}, {"model": "auth.permission", "pk": 2, "fields": {"name": "Can change assignments", "content_type": 1, "codename": "change_assignments"}}, {"model": "auth.permission", "pk": 3, "fields": {"name": "Can delete assignments", "content_type": 1, "codename": "delete_assignments"}}, {"model": "auth.permission", "pk": 4, "fields": {"name": "Can view assignments", "content_type": 1, "codename": "view_assignments"}}, {"model": "auth.permission", "pk": 5, "fields": {"name": "Can add course", "content_type": 2, "codename": "add_course"}}, {"model": "auth.permission", "pk": 6, "fields": {"name": "Can change course", "content_type": 2, "codename": "change_course"}}, {"model": "auth.permission", "pk": 7, "fields": {"name": "Can delete course", "content_type": 2, "codename": "delete_course"}}, {"model": "auth.permission", "pk": 8, "fields": {"name": "Can view course", "content_type": 2, "codename": "view_course"}}, {"model": "auth.permission", "pk": 9, "fields": {"name": "Can add course name", "content_type": 3, "codename": "add_coursename"}}, {"model": "auth.permission", "pk": 10, "fields": {"name": "Can change course name", "content_type": 3, "codename": "change_coursename"}}, {"model": "auth.permission", "pk": 11, "fields": {"name": "Can delete course name", "content_type": 3, "codename": "delete_coursename"}}, {"model": "auth.permission", "pk": 12, "fields": {"name": "Can view course name", "content_type": 3, "codename": "view_coursename"}}, {"model": "auth.permission", "pk": 13, "fields": {"name": "Can add terms", "content_type": 4, "codename": "add_terms"}}, {"model": "auth.permission", "pk": 14, "fields": {"name": "Can change terms", "content_type": 4, "codename": "change_terms"}}, {"model": "auth.permission", "pk": 15, "fields": {"name": "Can delete terms", "content_type": 4, "codename": "delete_terms"}}, {"model": "auth.permission", "pk": 16, "fields": {"name": "Can view terms", "content_type": 4, "codename": "view_terms"}}, {"model": "auth.permission", "pk": 17, "fields": {"name": "Can add user", "content_type": 5, "codename": "add_user"}}, {"model": "auth.permission", "pk": 18, "fields": {"name": "Can change user", "content_type": 5, "codename": "change_user"}}, {"model": "auth.permission", "pk": 19, "fields": {"name": "Can delete user", "content_type": 5, "codename": "delete_user"}}, {"model": "auth.permission", "pk": 20, "fields": {"name": "Can view user", "content_type": 5, "codename": "view_user"}}, {"model": "auth.permission", "pk": 21, "fields": {"name": "Can add teacher certifications", "content_type": 6, "codename": "add_teachercertifications"}}, {"model": "auth.permission", "pk": 22, "fields": {"name": "Can change teacher certifications", "content_type": 6, "codename": "change_teachercertifications"}}, {"model": "auth.permission", "pk": 23, "fields": {"name": "Can delete teacher certifications", "content_type": 6, "codename": "delete_teachercertifications"}}, {"model": "auth.permission", "pk": 24, "fields": {"name": "Can view teacher certifications", "content_type": 6, "codename": "view_teachercertifications"}}, {"model": "auth.permission", "pk": 25, "fields": {"name": "Can add student assignemnts", "content_type": 7, "codename": "add_studentassignemnts"}}, {"model": "auth.permission", "pk": 26, "fields": {"name": "Can change student assignemnts", "content_type": 7, "codename": "change_studentassignemnts"}}, {"model": "auth.permission", "pk": 27, "fields": {"name": "Can delete student assignemnts", "content_type": 7, "codename": "delete_studentassignemnts"}}, {"model": "auth.permission", "pk": 28, "fields": {"name": "Can view student assignemnts", "content_type": 7, "codename": "view_studentassignemnts"}}, {"model": "auth.permission", "pk": 29, "fields": {"name": "Can add course students", "content_type": 8, "codename": "add_coursestudents"}}, {"model": "auth.permission", "pk": 30, "fields": {"name": "Can change course students", "content_type": 8, "codename": "change_coursestudents"}}, {"model": "auth.permission", "pk": 31, "fields": {"name": "Can delete course students", "content_type": 8, "codename": "delete_coursestudents"}}, {"model": "auth.permission", "pk": 32, "fields": {"name": "Can view course students", "content_type": 8, "codename": "view_coursestudents"}}, {"model": "auth.permission", "pk": 33, "fields": {"name": "Can add log entry", "content_type": 9, "codename": "add_logentry"}}, {"model": "auth.permission", "pk": 34, "fields": {"name": "Can change log entry", "content_type": 9, "codename": "change_logentry"}}, {"model": "auth.permission", "pk": 35, "fields": {"name": "Can delete log entry", "content_type": 9, "codename": "delete_logentry"}}, {"model": "auth.permission", "pk": 36, "fields": {"name": "Can view log entry", "content_type": 9, "codename": "view_logentry"}}, {"model": "auth.permission", "pk": 37, "fields": {"name": "Can add permission", "content_type": 10, "codename": "add_permission"}}, {"model": "auth.permission", "pk": 38, "fields": {"name": "Can change permission", "content_type": 10, "codename": "change_permission"}}, {"model": "auth.permission", "pk": 39, "fields": {"name": "Can delete permission", "content_type": 10, "codename": "delete_permission"}}, {"model": "auth.permission", "pk": 40, "fields": {"name": "Can view permission", "content_type": 10, "codename": "view_permission"}}, {"model": "auth.permission", "pk": 41, "fields": {"name": "Can add group", "content_type": 11, "codename": "add_group"}}, {"model": "auth.permission", "pk": 42, "fields": {"name": "Can change group", "content_type": 11, "codename": "change_group"}}, {"model": "auth.permission", "pk": 43, "fields": {"name": "Can delete group", "content_type": 11, "codename": "delete_group"}}, {"model": "auth.permission", "pk": 44, "fields": {"name": "Can view group", "content_type": 11, "codename": "view_group"}}, {"model": "auth.permission", "pk": 45, "fields": {"name": "Can add user", "content_type": 12, "codename": "add_user"}}, {"model": "auth.permission", "pk": 46, "fields": {"name": "Can change user", "content_type": 12, "codename": "change_user"}}, {"model": "auth.permission", "pk": 47, "fields": {"name": "Can delete user", "content_type": 12, "codename": "delete_user"}}, {"model": "auth.permission", "pk": 48, "fields": {"name": "Can view user", "content_type": 12, "codename": "view_user"}}, {"model": "auth.permission", "pk": 49, "fields": {"name": "Can add content type", "content_type": 13, "codename": "add_contenttype"}}, {"model": "auth.permission", "pk": 50, "fields": {"name": "Can change content type", "content_type": 13, "codename": "change_contenttype"}}, {"model": "auth.permission", "pk": 51, "fields": {"name": "Can delete content type", "content_type": 13, "codename": "delete_contenttype"}}, {"model": "auth.permission", "pk": 52, "fields": {"name": "Can view content type", "content_type": 13, "codename": "view_contenttype"}}, {"model": "auth.permission", "pk": 53, "fields": {"name": "Can add session", "content_type": 14, "codename": "add_session"}}, {"model": "auth.permission", "pk": 54, "fields": {"name": "Can change session", "content_type": 14, "codename": "change_session"}}, {"model": "auth.permission", "pk": 55, "fields": {"name": "Can delete session", "content_type": 14, "codename": "delete_session"}}, {"model": "auth.permission", "pk": 56, "fields": {"name": "Can view session", "content_type": 14, "codename": "view_session"}}, {"model": "auth.permission", "pk": 57, "fields": {"name": "Can add course assignment", "content_type": 15, "codename": "add_courseassignment"}}, {"model": "auth.permission", "pk": 58, "fields": {"name": "Can change course assignment", "content_type": 15, "codename": "change_courseassignment"}}, {"model": "auth.permission", "pk": 59, "fields": {"name": "Can delete course assignment", "content_type": 15, "codename": "delete_courseassignment"}}, {"model": "auth.permission", "pk": 60, "fields": {"name": "Can view course assignment", "content_type": 15, "codename": "view_courseassignment"}}, {"model": "auth.permission", "pk": 61, "fields": {"name": "Can add lookup department", "content_type": 16, "codename": "add_lookupdepartment"}}, {"model": "auth.permission", "pk": 62, "fields": {"name": "Can change lookup department", "content_type": 16, "codename": "change_lookupdepartment"}}, {"model": "auth.permission", "pk": 63, "fields": {"name": "Can delete lookup department", "content_type": 16, "codename": "delete_lookupdepartment"}}, {"model": "auth.permission", "pk": 64, "fields": {"name": "Can view lookup department", "content_type": 16, "codename": "view_lookupdepartment"}}, {"model": "auth.permission", "pk": 65, "fields": {"name": "Can add lookup term", "content_type": 17, "codename": "add_lookupterm"}}, {"model": "auth.permission", "pk": 66, "fields": {"name": "Can change lookup term", "content_type": 17, "codename": "change_lookupterm"}}, {"model": "auth.permission", "pk": 67, "fields": {"name": "Can delete lookup term", "content_type": 17, "codename": "delete_lookupterm"}}, {"model": "auth.permission", "pk": 68, "fields": {"name": "Can view lookup term", "content_type": 17, "codename": "view_lookupterm"}}, {"model": "auth.permission", "pk": 69, "fields": {"name": "Can add teacher certification", "content_type": 18, "codename": "add_teachercertification"}}, {"model": "auth.permission", "pk": 70, "fields": {"name": "Can change teacher certification", "content_type": 18, "codename": "change_teachercertification"}}, {"model": "auth.permission", "pk": 71, "fields": {"name": "Can delete teacher certification", "content_type": 18, "codename": "delete_teachercertification"}}, {"model": "auth.permission", "pk": 72, "fields": {"name": "Can view teacher certification", "content_type": 18, "codename": "view_teachercertification"}}, {"model": "auth.permission", "pk": 73, "fields": {"name": "Can add student submission", "content_type": 19, "codename": "add_studentsubmission"}}, {"model": "auth.permission", "pk": 74, "fields": {"name": "Can change student submission", "content_type": 19, "codename": "change_studentsubmission"}}, {"model": "auth.permission", "pk": 75, "fields": {"name": "Can delete student submission", "content_type": 19, "codename": "delete_studentsubmission"}}, {"model": "auth.permission", "pk": 76, "fields": {"name": "Can view student submission", "content_type": 19, "codename": "view_studentsubmission"}}, {"model": "auth.permission", "pk": 77, "fields": {"name": "Can add lookup course", "content_type": 20, "codename": "add_lookupcourse"}}, {"model": "auth.permission", "pk": 78, "fields": {"name": "Can change lookup course", "content_type": 20, "codename": "change_lookupcourse"}}, {"model": "auth.permission", "pk": 79, "fields": {"name": "Can delete lookup course", "content_type": 20, "codename": "delete_lookupcourse"}}, {"model": "auth.permission", "pk": 80, "fields": {"name": "Can view lookup course", "content_type": 20, "codename": "view_lookupcourse"}}, {"model": "auth.permission", "pk": 81, "fields": {"name": "Can add course student", "content_type": 21, "codename": "add_coursestudent"}}, {"model": "auth.permission", "pk": 82, "fields": {"name": "Can change course student", "content_type": 21, "codename": "change_coursestudent"}}, {"model": "auth.permission", "pk": 83, "fields": {"name": "Can delete course student", "content_type": 21, "codename": "delete_coursestudent"}}, {"model": "auth.permission", "pk": 84, "fields": {"name": "Can view course student", "content_type": 21, "codename": "view_coursestudent"}}, {"model": "auth.permission", "pk": 85, "fields": {"name": "Can add course schedule", "content_type": 22, "codename": "add_courseschedule"}}, {"model": "auth.permission", "pk": 86, "fields": {"name": "Can change course schedule", "content_type": 22, "codename": "change_courseschedule"}}, {"model": "auth.permission", "pk": 87, "fields": {"name": "Can delete course schedule", "content_type": 22, "codename": "delete_courseschedule"}}, {"model": "auth.permission", "pk": 88, "fields": {"name": "Can view course schedule", "content_type": 22, "codename": "view_courseschedule"}}, {"model": "auth.permission", "pk": 89, "fields": {"name": "Can add dummy class", "content_type": 23, "codename": "add_dummyclass"}}, {"model": "auth.permission", "pk": 90, "fields": {"name": "Can change dummy class", "content_type": 23, "codename": "change_dummyclass"}}, {"model": "auth.permission", "pk": 91, "fields": {"name": "Can delete dummy class", "content_type": 23, "codename": "delete_dummyclass"}}, {"model": "auth.permission", "pk": 92, "fields": {"name": "Can view dummy class", "content_type": 23, "codename": "view_dummyclass"}}, {"model": "auth.permission", "pk": 93, "fields": {"name": "Can add dummy data", "content_type": 24, "codename": "add_dummydata"}}, {"model": "auth.permission", "pk": 94, "fields": {"name": "Can change dummy data", "content_type": 24, "codename": "change_dummydata"}}, {"model": "auth.permission", "pk": 95, "fields": {"name": "Can delete dummy data", "content_type": 24, "codename": "delete_dummydata"}}, {"model": "auth.permission", "pk": 96, "fields": {"name": "Can view dummy data", "content_type": 24, "codename": "view_dummydata"}}, {"model": "auth.permission", "pk": 97, "fields": {"name": "Can add admin users", "content_type": 25, "codename": "add_adminusers"}}, {"model": "auth.permission", "pk": 98, "fields": {"name": "Can change admin users", "content_type": 25, "codename": "change_adminusers"}}, {"model": "auth.permission", "pk": 99, "fields": {"name": "Can delete admin users", "content_type": 25, "codename": "delete_adminusers"}}, {"model": "auth.permission", "pk": 100, "fields": {"name": "Can view admin users", "content_type": 25, "codename": "view_adminusers"}}, {"model": "auth.permission", "pk": 101, "fields": {"name": "Can add admin user", "content_type": 25, "codename": "add_adminuser"}}, {"model": "auth.permission", "pk": 102, "fields": {"name": "Can change admin user", "content_type": 25, "codename": "change_adminuser"}}, {"model": "auth.permission", "pk": 103, "fields": {"name": "Can delete admin user", "content_type": 25, "codename": "delete_adminuser"}}, {"model": "auth.permission", "pk": 104, "fields": {"name": "Can view admin user", "content_type": 25, "codename": "view_adminuser"}}, {"model": "auth.group", "pk": 1, "fields": {"name": "TP_Admins", "permissions": [101, 97, 102, 98, 103, 99, 104, 100, 57, 58, 59, 60, 85, 86, 87, 88, 81, 82, 83, 84, 89, 90, 91, 92, 93, 94, 95, 96, 77, 78, 79, 80, 61, 62, 63, 64, 65, 66, 67, 68, 73, 74, 75, 76, 69, 70, 71, 72, 41, 42, 43, 44, 37, 38, 39, 40, 45, 46, 47, 48, 49, 50, 51, 52, 53, 54, 55, 56, 1, 2, 3, 4, 5, 6, 7, 8, 9, 10, 11, 12, 29, 30, 31, 32, 25, 26, 27, 28, 21, 22, 23, 24, 13, 14, 15, 16, 17, 18, 19, 20]}}, {"model": "auth.group", "pk": 2, "fields": {"name": "Teachers", "permissions": [57, 58, 59, 60, 81, 82, 83, 84, 89, 90, 91, 92, 93, 94, 95, 96, 76, 69, 70, 71, 72, 1, 2, 3, 4]}}, {"model": "auth.user", "pk": 2, "fields": {"password": "pbkdf2_sha256$260000$FFFW6VidFohkCFI7sCn32s$9o5PYiJmKFTcGScG1p52IoNBb9BDZbKwI0ej+6zqOjU=", "last_login": "2021-04-19T01:08:08.297Z", "is_superuser": true, "username": "MHeinz", "first_name": "Michael", "last_name": "Heinzinger", "email": "michael.heinzinger@gmail.com", "is_staff": true, "is_active": true, "date_joined": "2021-03-14T23:53:55.304Z", "groups": [], "user_permissions": []}}, {"model": "auth.user", "pk": 6, "fields": {"password": "pbkdf2_sha256$260000$NFuZKSQdrpki2TuVefgiTO$4DqBuHudd3HqTp5xCGADYqSYSOPzzNP2CmpNfWYNQnc=", "last_login": "2021-04-15T23:32:45Z", "is_superuser": true, "username": "sally", "first_name": "Sally", "last_name": "Schmidt", "email": "sallygschmidt@gmail.com", "is_staff": true, "is_active": true, "date_joined": "2021-04-09T21:12:28Z", "groups": [1, 2], "user_permissions": []}}, {"model": "contenttypes.contenttype", "pk": 1, "fields": {"app_label": "users", "model": "assignments"}}, {"model": "contenttypes.contenttype", "pk": 2, "fields": {"app_label": "users", "model": "course"}}, {"model": "contenttypes.contenttype", "pk": 3, "fields": {"app_label": "users", "model": "coursename"}}, {"model": "contenttypes.contenttype", "pk": 4, "fields": {"app_label": "users", "model": "terms"}}, {"model": "contenttypes.contenttype", "pk": 5, "fields": {"app_label": "users", "model": "user"}}, {"model": "contenttypes.contenttype", "pk": 6, "fields": {"app_label": "users", "model": "teachercertifications"}}, {"model": "contenttypes.contenttype", "pk": 7, "fields": {"app_label": "users", "model": "studentassignemnts"}}, {"model": "contenttypes.contenttype", "pk": 8, "fields": {"app_label": "users", "model": "coursestudents"}}, {"model": "contenttypes.contenttype", "pk": 9, "fields": {"app_label": "admin", "model": "logentry"}}, {"model": "contenttypes.contenttype", "pk": 10, "fields": {"app_label": "auth", "model": "permission"}}, {"model": "contenttypes.contenttype", "pk": 11, "fields": {"app_label": "auth", "model": "group"}}, {"model": "contenttypes.contenttype", "pk": 12, "fields": {"app_label": "auth", "model": "user"}}, {"model": "contenttypes.contenttype", "pk": 13, "fields": {"app_label": "contenttypes", "model": "contenttype"}}, {"model": "contenttypes.contenttype", "pk": 14, "fields": {"app_label": "sessions", "model": "session"}}, {"model": "contenttypes.contenttype", "pk": 15, "fields": {"app_label": "app", "model": "courseassignment"}}, {"model": "contenttypes.contenttype", "pk": 16, "fields": {"app_label": "app", "model": "lookupdepartment"}}, {"model": "contenttypes.contenttype", "pk": 17, "fields": {"app_label": "app", "model": "lookupterm"}}, {"model": "contenttypes.contenttype", "pk": 18, "fields": {"app_label": "app", "model": "teachercertification"}}, {"model": "contenttypes.contenttype", "pk": 19, "fields": {"app_label": "app", "model": "studentsubmission"}}, {"model": "contenttypes.contenttype", "pk": 20, "fields": {"app_label": "app", "model": "lookupcourse"}}, {"model": "contenttypes.contenttype", "pk": 21, "fields": {"app_label": "app", "model": "coursestudent"}}, {"model": "contenttypes.contenttype", "pk": 22, "fields": {"app_label": "app", "model": "courseschedule"}}, {"model": "contenttypes.contenttype", "pk": 23, "fields": {"app_label": "app", "model": "dummyclass"}}, {"model": "contenttypes.contenttype", "pk": 24, "fields": {"app_label": "app", "model": "dummydata"}}, {"model": "contenttypes.contenttype", "pk": 25, "fields": {"app_label": "app", "model": "adminuser"}}, {"model": "sessions.session", "pk": "31dvw8eu74boxzaf6q5gr0cp6mqfz34k", "fields": {"session_data": ".eJxVjMsOwiAQRf-FtSE8CoJL9_2GZoYZpGogKe3K-O_apAvd3nPOfYkJtrVMW-dlmklchBen3w0hPbjugO5Qb02mVtdlRrkr8qBdjo34eT3cv4MCvXxrC2enFbgYPcTgkDmDYa0SGsrRWvBZUUhgM_sQEcgOPOicEmIwmUi8P_3AOVU:1lXBTZ:wb0fQ3QPZXQWRqo-fywuG7jj_R6U8Omci1UHAA2VT4Q", "expire_date": "2021-04-29T23:32:45.396Z"}}, {"model": "sessions.session", "pk": "48m1kwnmplstkzzq39s26jx78zze4u5g", "fields": {"session_data": ".eJxVjMsOwiAQRf-FtSE8CoJL9_2GZoYZpGogKe3K-O_apAvd3nPOfYkJtrVMW-dlmklchBen3w0hPbjugO5Qb02mVtdlRrkr8qBdjo34eT3cv4MCvXxrC2enFbgYPcTgkDmDYa0SGsrRWvBZUUhgM_sQEcgOPOicEmIwmUi8P_3AOVU:1lUyQr:S3dSPQql09-2e1ul50LV1D2s-9hhDl1WkBaDBXiyx7k", "expire_date": "2021-04-23T21:12:49.715Z"}}, {"model": "sessions.session", "pk": "6cb2g0keu1peepf1fpa8iui4se5gz5x9", "fields": {"session_data": ".eJxVjEEOwiAQRe_C2pAp4FBcuu8ZmmGGStVAUtqV8e7apAvd_vfef6mRtjWPW0vLOIu6KKNOv1skfqSyA7lTuVXNtazLHPWu6IM2PVRJz-vh_h1kavlbA_LEaIOD1LGAsxYMx77zaIRwgt5NHj3Ima1xgr3E0FHECN5ZCiGo9wfO3Tc_:1lYIOW:2jVtF39nzRcuFvGblazm0b55XiTsns2Xpl98VcGVkO4", "expire_date": "2021-05-03T01:08:08.303Z"}}, {"model": "sessions.session", "pk": "piiqta2imlirap21wu3hq5akcu93c85q", "fields": {"session_data": ".eJxVjEEOwiAQRe_C2pAp4FBcuu8ZmmGGStVAUtqV8e7apAvd_vfef6mRtjWPW0vLOIu6KKNOv1skfqSyA7lTuVXNtazLHPWu6IM2PVRJz-vh_h1kavlbA_LEaIOD1LGAsxYMx77zaIRwgt5NHj3Ima1xgr3E0FHECN5ZCiGo9wfO3Tc_:1lUp7o:uYg23tfuwK3tah5glCTF1VCY2q6APIqXMhR2jY6qJbE", "expire_date": "2021-04-23T11:16:32.313Z"}}]